"Path","Platform","Compiled","Cooked","Permutations","Compiletime","CompiledDouble","CookedDouble"
"Globals","0","2854","0","1","0.000000","0","0"
"/Engine/EngineMaterials/PhAT_JointLimitMaterial.PhAT_JointLimitMaterial","0","0","16","1","0.000000","0","0"
"/Engine/EngineMaterials/GizmoMaterial.GizmoMaterial","0","0","8","1","0.000000","0","0"
"/Engine/EngineMaterials/M_InvalidLightmapSettings.M_InvalidLightmapSettings","0","0","24","1","0.000000","0","0"
"/Engine/EngineMaterials/EmissiveMeshMaterial.EmissiveMeshMaterial","0","0","10","1","0.000000","0","0"
"/Engine/EngineDebugMaterials/DebugMeshMaterial.DebugMeshMaterial","0","0","10","1","0.000000","0","0"
"/Engine/EngineMaterials/RemoveSurfaceMaterial.RemoveSurfaceMaterial","0","0","2","1","0.000000","0","0"
"/OculusVR/Materials/OculusMR_OpaqueColoredMaterial.OculusMR_OpaqueColoredMaterial","0","0","2","1","0.000000","0","0"
"/OculusVR/Materials/OculusMR_ChromaKey.OculusMR_ChromaKey","0","0","8","1","0.000000","0","0"
"/Engine/EngineDebugMaterials/M_VolumeRenderSphereTracePP.M_VolumeRenderSphereTracePP","0","0","4","1","0.000000","0","0"
"/SpeedTreeImporter/SpeedTree9/SpeedTreeBillboardMaster.SpeedTreeBillboardMaster","0","0","70","1","0.000000","0","0"
"/SpeedTreeImporter/SpeedTree9/SpeedTreeMaster.SpeedTreeMaster","0","0","96","1","0.000000","0","0"
"/Engine/EngineDebugMaterials/WireframeMaterial.WireframeMaterial","0","0","598","1","0.000000","0","0"
"/Engine/EngineDebugMaterials/VertexColorMaterial.VertexColorMaterial","0","0","90","1","0.000000","0","0"
"/Engine/ArtTools/RenderToTexture/Materials/Debug/M_Emissive_Color.M_Emissive_Color","0","0","2","1","0.000000","0","0"
"/Engine/EngineMaterials/DefaultMaterial.DefaultMaterial","0","0","123","1","0.000000","0","0"
"/Paper2D/DefaultSpriteMaterial.DefaultSpriteMaterial","0","0","62","2","0.000000","0","0"
"/OculusVR/Materials/PokeAHoleMaterial.PokeAHoleMaterial","0","0","8","1","0.000000","0","0"
"/Engine/EngineDebugMaterials/M_SimpleUnlitTranslucent.M_SimpleUnlitTranslucent","0","0","8","1","0.000000","0","0"
"/Engine/EditorMaterials/Camera/CineMat.CineMat","0","0","24","1","0.000000","0","0"
"/Engine/VREditor/TransformGizmo/TranslucentTransformGizmoMaterial.TranslucentTransformGizmoMaterial","0","0","8","1","0.000000","0","0"
"/Engine/VREditor/TransformGizmo/TransformGizmoMaterial.TransformGizmoMaterial","0","0","2","1","0.000000","0","0"
"/Engine/EngineMaterials/Widget3DPassThrough.Widget3DPassThrough","0","0","74","6","0.000000","0","0"
"/Engine/VREditor/TransformGizmo/Xray.Xray","0","0","12","1","0.000000","0","0"
"/Engine/VREditor/TransformGizmo/Main.Main","0","0","8","1","0.000000","0","0"
"/Engine/EngineMaterials/BaseFlattenMaterial.BaseFlattenMaterial","0","0","52","1","0.000000","0","0"
"/Engine/EngineSky/VolumetricClouds/m_SimpleVolumetricCloud.m_SimpleVolumetricCloud","0","0","44","1","0.000000","0","0"
"/Engine/EngineMaterials/DefaultPostProcessMaterial.DefaultPostProcessMaterial","0","0","6","1","0.000000","0","0"
"/Engine/EngineMaterials/DefaultLightFunctionMaterial.DefaultLightFunctionMaterial","0","0","17","1","0.000000","0","0"
"/Engine/EngineMaterials/DefaultDeferredDecalMaterial.DefaultDeferredDecalMaterial","0","0","115","1","0.000000","0","0"
"/Engine/EngineMaterials/WorldGridMaterial.WorldGridMaterial","0","0","871","1","0.000000","0","0"
"/Engine/EngineMaterials/DefaultTextMaterialOpaque.DefaultTextMaterialOpaque","0","0","35","1","0.000000","0","0"
"/Game/??/Soldier_head6.Soldier_head6","0","24","24","1","86.352379","0","0"
"/Game/??/Soldier_body1_ncl1_1.Soldier_body1_ncl1_1","0","24","24","1","85.524483","0","0"
"/Game/??/Soldier_body1.Soldier_body1","0","24","24","1","74.150352","0","0"
"/Game/??/M_???_Mat.M_???_Mat","0","9","9","1","9.511159","0","0"
"/Game/InfinityBladeEffects/Effects/Masters/M_Trans_Sprite_SubUV_Master.M_Trans_Sprite_SubUV_Master","0","32","32","1","73.700134","0","0"
"/Game/InfinityBladeEffects/Effects/Masters/M_Add_Sprite_SubUV_Master.M_Add_Sprite_SubUV_Master","0","32","32","1","70.208046","0","0"
"/Game/InfinityBladeEffects/Effects/Masters/M_Add_Sprite_Master.M_Add_Sprite_Master","0","32","32","1","69.309998","0","0"
"/Game/FPS_Weapon_Bundle/Weapons/Materials/Master_Material/M_Weapon_Master_USE.M_Weapon_Master_USE","0","240","252","4","657.638367","0","63"
"/Game/InfinityBladeEffects/Effects/Masters/M_Opaque_MeshEmit_Emis_Master.M_Opaque_MeshEmit_Emis_Master","0","4","4","1","8.851853","0","0"
"/Game/InfinityBladeEffects/Effects/FX_Materials/ICE/M_IceChunksBase.M_IceChunksBase","0","32","32","1","81.868149","0","0"
"/Game/InfinityBladeEffects/Effects/Masters/M_Trans_Sprite_Master_DepthFade.M_Trans_Sprite_Master_DepthFade","0","24","24","1","65.779259","0","0"
"/Game/??/M_??.M_??","0","12","12","1","93.987312","0","0"
"/Game/??/Zombie_COL.Zombie_COL","0","24","24","1","117.389122","0","0"
"/Game/???/m_ammo_box.m_ammo_box","0","12","12","1","97.497421","0","0"
"/Game/City_of_Brass_Enviroment/Materials/Enviro_Substance_Alpha_Material.Enviro_Substance_Alpha_Material","0","123","129","1","192.614304","0","0"
"/Game/City_of_Brass_Enviroment/Materials/Enviro_Substance_Material.Enviro_Substance_Material","0","66","66","1","168.534515","0","0"
"/Game/City_of_Brass_Enviroment/Materials/Enviro_Int_WorldUV_Mat.Enviro_Int_WorldUV_Mat","0","33","33","1","143.638611","0","0"
"/Game/City_of_Brass_Enviroment/Materials/base_material.base_material","0","54","54","1","137.193558","0","0"
"/Game/City_of_Brass_Enviroment/Materials/Foliage_mat.Foliage_mat","0","123","129","1","242.690582","0","0"
"/Game/City_of_Brass_Enviroment/Materials/water_Translucent_material.water_Translucent_material","0","42","42","1","134.208542","0","0"
"/Game/City_of_Brass_Enviroment/Materials/M_Flag.M_Flag","0","46","48","1","157.173584","0","0"
"/Game/City_of_Brass_Enviroment/Materials/Paint_Ground.Paint_Ground","0","21","21","1","193.650421","21","21"
"/Game/City_of_Brass_Enviroment/Materials/Pattern01_Mat.Pattern01_Mat","0","46","48","1","180.681122","0","0"
"/Game/City_of_Brass_Enviroment/Materials/Lum_Pattern_material.Lum_Pattern_material","0","66","66","1","174.023865","0","0"
"/Engine/EngineSky/M_Sky_Panning_Clouds2.M_Sky_Panning_Clouds2","0","0","2","1","0.000000","0","0"
"/Engine/EditorMaterials/PreviewShadowIndicatorMaterial.PreviewShadowIndicatorMaterial","0","0","17","1","0.000000","0","0"
"/Engine/EngineDebugMaterials/DebugEditorMaterial.DebugEditorMaterial","0","0","8","1","0.000000","0","0"
"/Game/InfinityBladeEffects/Effects/Masters/M_Add_Trail_2Sided_Pan_Master.M_Add_Trail_2Sided_Pan_Master","0","60","60","2","92.512207","0","0"
"/Game/FPS_Weapon_Bundle/Weapons/Materials/Master_Material/M_RDS_Master.M_RDS_Master","0","16","16","2","37.691086","0","0"
"/Game/FPS_Weapon_Bundle/Weapons/Materials/Master_Material/M_Scope_Lens_MASTER.M_Scope_Lens_MASTER","0","61","61","2","825.669678","0","0"
"/Game/City_of_Brass_Enviroment/Materials/Cloth_Substance_material.Cloth_Substance_material","0","123","126","2","336.278992","0","0"
"/Game/ThirdPerson/Meshes/RampMaterial.RampMaterial","0","0","21","1","0.000000","0","0"
"/Game/Geometry/Meshes/CubeMaterial.CubeMaterial","0","0","21","1","0.000000","0","0"
"/Game/Mannequin/Character/Materials/M_Male_Body.M_Male_Body","0","0","152","2","0.000000","0","0"
"/Game/StarterContent/Materials/M_Basic_Wall.M_Basic_Wall","0","0","21","1","0.000000","0","0"
"/Game/StarterContent/Props/Materials/M_Frame.M_Frame","0","0","21","1","0.000000","0","0"
"/Game/StarterContent/Materials/M_Glass.M_Glass","0","0","42","1","0.000000","0","0"
"/Game/StarterContent/Particles/Materials/M_Dust_Particle.M_Dust_Particle","0","0","112","1","0.000000","0","0"
"/Game/StarterContent/Materials/M_Wood_Walnut.M_Wood_Walnut","0","0","21","1","0.000000","0","0"
"/Game/StarterContent/Materials/M_Wood_Pine.M_Wood_Pine","0","0","21","1","0.000000","0","0"
"/Game/StarterContent/Materials/M_Wood_Oak.M_Wood_Oak","0","0","21","1","0.000000","0","0"
"/Game/StarterContent/Materials/M_Wood_Floor_Walnut_Worn.M_Wood_Floor_Walnut_Worn","0","0","21","1","0.000000","0","0"
"/Game/StarterContent/Materials/M_Wood_Floor_Walnut_Polished.M_Wood_Floor_Walnut_Polished","0","0","21","1","0.000000","0","0"
"/Game/StarterContent/Materials/M_Water_Ocean.M_Water_Ocean","0","0","21","1","0.000000","0","0"
"/Game/StarterContent/Materials/M_Water_Lake.M_Water_Lake","0","0","21","1","0.000000","0","0"
"/Game/StarterContent/Materials/M_Tech_Panel.M_Tech_Panel","0","0","21","1","0.000000","0","0"
"/Game/StarterContent/Materials/M_Tech_Hex_Tile_Pulse.M_Tech_Hex_Tile_Pulse","0","0","21","1","0.000000","0","0"
"/Game/StarterContent/Materials/M_Tech_Hex_Tile.M_Tech_Hex_Tile","0","0","21","1","0.000000","0","0"
"/Game/StarterContent/Materials/M_Tech_Checker_Dot.M_Tech_Checker_Dot","0","0","21","1","0.000000","0","0"
"/Game/StarterContent/Materials/M_Rock_Slate.M_Rock_Slate","0","0","21","1","0.000000","0","0"
"/Game/StarterContent/Materials/M_Rock_Sandstone.M_Rock_Sandstone","0","0","21","1","0.000000","0","0"
"/Game/StarterContent/Materials/M_Rock_Marble_Polished.M_Rock_Marble_Polished","0","0","21","1","0.000000","0","0"
"/Game/StarterContent/Materials/M_Rock_Basalt.M_Rock_Basalt","0","0","21","1","0.000000","0","0"
"/Game/StarterContent/Materials/M_Metal_Steel.M_Metal_Steel","0","0","21","1","0.000000","0","0"
"/Game/StarterContent/Materials/M_Metal_Rust.M_Metal_Rust","0","0","21","1","0.000000","0","0"
"/Game/StarterContent/Materials/M_Metal_Gold.M_Metal_Gold","0","0","21","1","0.000000","0","0"
"/Game/StarterContent/Materials/M_Metal_Chrome.M_Metal_Chrome","0","0","21","1","0.000000","0","0"
"/Game/StarterContent/Materials/M_Ground_Moss.M_Ground_Moss","0","0","21","1","0.000000","0","0"
"/Game/StarterContent/Materials/M_Ground_Gravel.M_Ground_Gravel","0","0","21","1","0.000000","0","0"
"/Game/StarterContent/Materials/M_Ground_Grass.M_Ground_Grass","0","0","21","1","0.000000","0","0"
"/Game/StarterContent/Materials/M_Concrete_Tiles.M_Concrete_Tiles","0","0","21","1","0.000000","0","0"
"/Game/StarterContent/Materials/M_Concrete_Panels.M_Concrete_Panels","0","0","21","1","0.000000","0","0"
"/Game/StarterContent/Materials/M_Concrete_Grime.M_Concrete_Grime","0","0","21","1","0.000000","0","0"
"/Game/StarterContent/Materials/M_CobbleStone_Smooth.M_CobbleStone_Smooth","0","0","21","1","0.000000","0","0"
"/Game/StarterContent/Materials/M_CobbleStone_Rough.M_CobbleStone_Rough","0","0","21","1","0.000000","0","0"
"/Game/StarterContent/Materials/M_CobbleStone_Pebble.M_CobbleStone_Pebble","0","0","21","1","0.000000","0","0"
"/Game/StarterContent/Materials/M_Ceramic_Tile_Checker.M_Ceramic_Tile_Checker","0","0","21","1","0.000000","0","0"
"/Game/StarterContent/Materials/M_Brick_Hewn_Stone.M_Brick_Hewn_Stone","0","0","21","1","0.000000","0","0"
"/Game/StarterContent/Materials/M_Brick_Cut_Stone.M_Brick_Cut_Stone","0","0","21","1","0.000000","0","0"
"/Game/StarterContent/Materials/M_Brick_Clay_Old.M_Brick_Clay_Old","0","0","21","1","0.000000","0","0"
"/Game/StarterContent/Materials/M_Brick_Clay_New.M_Brick_Clay_New","0","0","21","1","0.000000","0","0"
"/Game/StarterContent/Materials/M_Brick_Clay_Beveled.M_Brick_Clay_Beveled","0","0","21","1","0.000000","0","0"
"/Engine/EngineMaterials/AntiAliasedTextMaterialTranslucent.AntiAliasedTextMaterialTranslucent","0","0","30","1","0.000000","0","0"
"/Game/StarterContent/Materials/M_Concrete_Poured.M_Concrete_Poured","0","0","21","1","0.000000","0","0"
"/Game/StarterContent/Props/Materials/M_TableRound.M_TableRound","0","0","21","1","0.000000","0","0"
"/Game/StarterContent/Props/Materials/M_Statue.M_Statue","0","0","21","1","0.000000","0","0"
"/Game/StarterContent/Props/Materials/M_StatueGlass.M_StatueGlass","0","0","42","1","0.000000","0","0"
"/Game/StarterContent/Props/Materials/M_Chair.M_Chair","0","0","21","1","0.000000","0","0"
"/Game/StarterContent/Materials/M_Metal_Copper.M_Metal_Copper","0","0","21","1","0.000000","0","0"
"/Game/StarterContent/Materials/M_Metal_Burnished_Steel.M_Metal_Burnished_Steel","0","0","21","1","0.000000","0","0"
"/Game/StarterContent/Materials/M_Metal_Brushed_Nickel.M_Metal_Brushed_Nickel","0","0","21","1","0.000000","0","0"
"/Game/StarterContent/Props/Materials/M_Lamp.M_Lamp","0","0","21","1","0.000000","0","0"
"/Game/StarterContent/Particles/Materials/M_smoke_subUV.M_smoke_subUV","0","0","84","1","0.000000","0","0"
"/Game/StarterContent/Particles/Materials/M_Spark.M_Spark","0","0","24","1","0.000000","0","0"
"/Game/StarterContent/Particles/Materials/M_Radial_Gradient.M_Radial_Gradient","0","0","32","1","0.000000","0","0"
"/Game/StarterContent/Particles/Materials/M_Heat_Distortion.M_Heat_Distortion","0","0","36","1","0.000000","0","0"
"/Game/StarterContent/Particles/Materials/M_Fire_SubUV.M_Fire_SubUV","0","0","24","1","0.000000","0","0"
"/Game/StarterContent/Materials/M_Basic_Floor.M_Basic_Floor","0","0","21","1","0.000000","0","0"
"/Engine/EditorMeshes/ColorCalibrator/M_GreyBall.M_GreyBall","0","0","21","1","0.000000","0","0"
"/Engine/EditorMeshes/ColorCalibrator/M_ColorGrid.M_ColorGrid","0","0","21","1","0.000000","0","0"
"/Engine/EditorMeshes/ColorCalibrator/M_ClearCoatBlack.M_ClearCoatBlack","0","0","21","1","0.000000","0","0"
"/Engine/EditorMeshes/ColorCalibrator/M_ClearCoat.M_ClearCoat","0","0","21","1","0.000000","0","0"
"/Engine/EditorMeshes/ColorCalibrator/M_ChromeBall.M_ChromeBall","0","0","33","1","0.000000","0","0"
"/Game/StarterContent/Blueprints/Assets/M_LightStage_Skybox_Master.M_LightStage_Skybox_Master","0","0","4","2","0.000000","0","0"
"/Game/StarterContent/Blueprints/Assets/M_LightStage_Arrows.M_LightStage_Arrows","0","0","2","1","0.000000","0","0"
"/Engine/EditorMaterials/Thumbnails/SkySphereMaterial.SkySphereMaterial","0","0","2","1","0.000000","0","0"
"/Game/StarterContent/Materials/M_AssetPlatform.M_AssetPlatform","0","0","21","1","0.000000","0","0"
"/Game/InfinityBladeEffects/Maps/LevelContent/Architecture/M_CycRoom_01.M_CycRoom_01","0","21","21","1","70.185692","0","0"
"/Game/InfinityBladeEffects/Maps/LevelContent/Architecture/M_1Meter_01.M_1Meter_01","0","26","27","1","80.324814","0","0"
"/Game/InfinityBladeEffects/Maps/LevelContent/Architecture/M_CycWall_01.M_CycWall_01","0","21","21","1","78.831223","0","0"
"/Game/InfinityBladeEffects/Effects/Masters/M_Add_Sprite_Master_DepthFade.M_Add_Sprite_Master_DepthFade","0","32","32","1","83.516663","0","0"
"/Game/InfinityBladeEffects/Effects/FX_Materials/Mobile/M_Fire_Sprite_01_5x5_SubUV.M_Fire_Sprite_01_5x5_SubUV","0","24","24","1","56.188889","0","0"
"/Game/InfinityBladeEffects/Effects/Masters/M_Trans_Sprite_Lit_SubUV_Master.M_Trans_Sprite_Lit_SubUV_Master","0","112","112","1","346.118103","0","0"
"/Game/InfinityBladeEffects/Effects/Masters/M_Trans_Sprite_SubUV_Master_DepthFade.M_Trans_Sprite_SubUV_Master_DepthFade","0","24","24","1","55.174034","0","0"
"/Game/InfinityBladeEffects/Effects/FX_Materials/ICE/M_IceShard.M_IceShard","0","16","16","1","31.654112","0","0"
"/Game/InfinityBladeEffects/Effects/FX_Materials/Fire/M_Fire_Trans_TilePan_2sided_meshEmit_02.M_Fire_Trans_TilePan_2sided_meshEmit_02","0","20","20","1","37.540058","0","0"
"/Game/InfinityBladeEffects/Effects/FX_Materials/Mobile/M_LevelRing_00.M_LevelRing_00","0","40","40","1","70.932594","0","0"
"/Game/InfinityBladeEffects/Effects/FX_Materials/Mobile/M_IceSword.M_IceSword","0","30","30","1","48.400898","0","0"
"/Game/InfinityBladeEffects/Effects/FX_Materials/ICE/M_IceBlastIcicles_Fade.M_IceBlastIcicles_Fade","0","112","112","1","331.962646","0","0"
"/Game/InfinityBladeEffects/Effects/FX_Materials/ICE/M_IceBlastBase.M_IceBlastBase","0","112","112","1","347.934631","0","0"
"/Game/InfinityBladeEffects/Effects/FX_Materials/Mobile/M_IceBlastFog.M_IceBlastFog","0","20","20","1","30.954941","0","0"
"/Game/InfinityBladeEffects/Effects/Masters/M_Add_Trail_2Sided_Pan_Emis_Master.M_Add_Trail_2Sided_Pan_Emis_Master","0","30","30","1","45.406612","0","0"
"/Game/InfinityBladeEffects/Effects/Masters/M_Opaque_MeshEmit_Emis_Master_Surface.M_Opaque_MeshEmit_Emis_Master_Surface","0","24","24","1","63.017506","0","0"
"/Game/InfinityBladeEffects/Effects/Masters/M_Add_Sprite_2Sided_Master.M_Add_Sprite_2Sided_Master","0","40","40","1","65.537849","0","0"
"/Game/InfinityBladeEffects/Effects/FX_Materials/ICE/M_JaggedRockIce_MeshEmit_Blue.M_JaggedRockIce_MeshEmit_Blue","0","24","24","1","67.713226","0","0"
"/Game/InfinityBladeEffects/Effects/Masters/M_Trans_Sprite_Master_Surface.M_Trans_Sprite_Master_Surface","0","112","112","1","965.997498","0","0"
"/Engine/Functions/Engine_MaterialFunctions02/ExampleContent/3dParticleOpacity_Mat.3dParticleOpacity_Mat","0","0","48","1","0.000000","0","0"
"/Game/InfinityBladeEffects/Effects/FX_Materials/Fire/M_JaggedRockFire_MeshEmit_Lit.M_JaggedRockFire_MeshEmit_Lit","0","48","48","1","120.679512","0","0"
"/Game/InfinityBladeEffects/Effects/Masters/M_Opaque_MeshEmit_Lit_Emis_Master.M_Opaque_MeshEmit_Lit_Emis_Master","0","57","57","1","152.578506","0","0"
"/Game/InfinityBladeEffects/Effects/Masters/M_Trans_Sprite_Master.M_Trans_Sprite_Master","0","32","32","1","71.565178","0","0"
"/Game/InfinityBladeEffects/Effects/Masters/M_Trans_Trail_2Sided_Pan_Base_Emis_Master.M_Trans_Trail_2Sided_Pan_Base_Emis_Master","0","80","80","2","144.051392","0","0"
"/Game/InfinityBladeEffects/Effects/FX_Materials/Mobile/M_IceBlastIcicles.M_IceBlastIcicles","0","16","16","1","31.767469","0","0"
"/Game/InfinityBladeEffects/Effects/FX_Materials/Glyph/M_IB_Debris_Boxes_Opaque.M_IB_Debris_Boxes_Opaque","0","4","4","1","8.230879","0","0"
"/Game/InfinityBladeEffects/Effects/FX_Materials/Glyph/M_IB_Debris_Boxes_Trans.M_IB_Debris_Boxes_Trans","0","16","16","1","34.967918","0","0"
"/Game/InfinityBladeEffects/Effects/FX_Materials/Mobile/M_AuraCircle.M_AuraCircle","0","20","20","1","44.907967","0","0"
"/Game/InfinityBladeEffects/Effects/FX_Materials/Mobile/M_Dungeon_Pipe_FlowingLava_Cool.M_Dungeon_Pipe_FlowingLava_Cool","0","6","6","1","9.129374","0","0"
"/Game/InfinityBladeEffects/Effects/FX_Materials/Mobile/M_GhostSkull.M_GhostSkull","0","40","40","1","74.320892","0","0"
"/Game/InfinityBladeEffects/Effects/FX_Materials/Misc/M_Targeting_Enemy.M_Targeting_Enemy","0","32","32","1","70.675987","0","0"
"/Game/InfinityBladeEffects/Environments/Misc/Env_ALL_Artifacts/Materials/M_Env_Health_Terminus.M_Env_Health_Terminus","0","33","33","1","90.883263","0","0"
"/Game/FPS_Weapon_Bundle/Weapons/Materials/RDS/M_RDS_Glass.M_RDS_Glass","0","42","42","1","823.759888","0","0"
"/Engine/TemplateResources/M_Template_Master.M_Template_Master","0","0","33","1","0.000000","0","0"
"/Game/City_of_Brass_Enviroment/Materials/Enviro_WorldUV_Mat.Enviro_WorldUV_Mat","0","21","21","1","80.316208","0","0"
"/Game/City_of_Brass_Enviroment/Materials/Ground_Tiles_Unwrap.Ground_Tiles_Unwrap","0","21","21","1","87.278313","0","0"
"/Game/City_of_Brass_Enviroment/Materials/Lum_material.Lum_material","0","66","66","1","140.039124","0","0"
"/Game/City_of_Brass_Enviroment/Materials/Useable_Shader.Useable_Shader","0","45","45","1","117.813393","0","0"
"/Game/City_of_Brass_Enviroment/Materials/Enviro_Substance_Emissive_Mat.Enviro_Substance_Emissive_Mat","0","66","66","1","153.965271","0","0"
"/Game/City_of_Brass_Enviroment/Materials/Enviro_WorldUV_Simple_Mat.Enviro_WorldUV_Simple_Mat","0","21","21","1","68.552864","0","0"
"/Game/City_of_Brass_Enviroment/Materials/ArchWindow_D_Mat.ArchWindow_D_Mat","0","21","21","1","59.303474","0","0"
"/Game/City_of_Brass_Enviroment/Materials/Streaks01_D_Mat.Streaks01_D_Mat","0","40","40","1","139.283020","0","0"
"/Game/City_of_Brass_Enviroment/Materials/M_Streaks_Decal.M_Streaks_Decal","0","80","80","1","248.983795","0","0"
"/Game/InfinityBladeEffects/Effects/Masters/M_Add_Mesh_2Sided_Pan_Emis_Master.M_Add_Mesh_2Sided_Pan_Emis_Master","0","80","80","2","135.614563","0","0"
"/Game/InfinityBladeEffects/Effects/Masters/M_Add_Sprite_Pan_Emis_Mask_Master.M_Add_Sprite_Pan_Emis_Mask_Master","0","48","48","2","98.328491","0","0"
"/Game/StarterContent/Props/Materials/M_Shelf.M_Shelf","0","0","21","1","0.000000","0","0"
"/Game/StarterContent/Props/Materials/M_Rock.M_Rock","0","0","21","1","0.000000","0","0"
"/Game/StarterContent/Props/Materials/M_MaterialSphere_Plain.M_MaterialSphere_Plain","0","0","12","1","0.000000","0","0"
"/Game/StarterContent/Props/Materials/M_MaterialSphere.M_MaterialSphere","0","0","12","1","0.000000","0","0"
"/Game/StarterContent/Props/Materials/M_Door.M_Door","0","0","21","1","0.000000","0","0"
"/Game/StarterContent/Props/Materials/M_Bush.M_Bush","0","0","48","1","0.000000","0","0"
"/Game/StarterContent/Particles/Materials/M_radial_ramp.M_radial_ramp","0","0","32","1","0.000000","0","0"
"/Game/StarterContent/Particles/Materials/m_flare_01.m_flare_01","0","0","32","1","0.000000","0","0"
"/Game/StarterContent/Particles/Materials/M_explosion_subUV.M_explosion_subUV","0","0","24","1","0.000000","0","0"
"/Game/StarterContent/Particles/Materials/M_Burst.M_Burst","0","0","30","1","0.000000","0","0"
"/Game/StarterContent/Materials/M_ColorGrid_LowSpec.M_ColorGrid_LowSpec","0","0","21","1","0.000000","0","0"
"/Game/InfinityBladeEffects/Environments/Plains/Env_Plains_Ruins/Materials/M_PLains_FloorStone.M_PLains_FloorStone","0","33","33","1","76.102806","0","0"
"/Game/InfinityBladeEffects/Environments/Ice/Env_Ice_Mountain/Materials/M_IceMountain_Boulder.M_IceMountain_Boulder","0","33","33","1","82.516312","0","0"
"/Game/InfinityBladeEffects/Environments/Fire/Env_Fire_Magma/Materials/M_Lava_flows_trans.M_Lava_flows_trans","0","33","35","1","66.768875","0","0"
"/Game/InfinityBladeEffects/Environments/Env_Rocks/Materials/M_JaggedRock_01.M_JaggedRock_01","0","24","24","1","61.369564","0","0"
"/Game/InfinityBladeEffects/Environments/Breakables/Materials/M_Breakables_Fort_Wall_Destroyed.M_Breakables_Fort_Wall_Destroyed","0","24","24","1","54.504887","0","0"
"/Game/InfinityBladeEffects/Environments/Breakables/Materials/M_Breakables_Fort_Wall_Destroyed_Trim.M_Breakables_Fort_Wall_Destroyed_Trim","0","24","24","1","63.245697","0","0"
"/Game/InfinityBladeEffects/Environments/Breakables/Materials/M_Breakables_Pots_Red.M_Breakables_Pots_Red","0","24","24","1","57.191315","0","0"
"/Game/InfinityBladeEffects/Enemy/Enemy_Chicken/Materials/M_EnemyChicken.M_EnemyChicken","0","64","68","1","114.149971","0","0"
"/Game/InfinityBladeEffects/Enemy/Enemy_Chicken/Materials/M_Survival_CA_Chicken_02.M_Survival_CA_Chicken_02","0","36","36","1","81.455963","0","0"
"/Game/InfinityBladeEffects/Effects/OLD/Effects/FX_Materials/ICE/M_IceMountain_Boulder_MeshEmit.M_IceMountain_Boulder_MeshEmit","0","8","8","1","10.781426","0","0"
"/Game/InfinityBladeEffects/Effects/OLD/Effects/FX_Materials/Gradient/M_Add_Unlit_TerminGlow.M_Add_Unlit_TerminGlow","0","20","20","1","35.313229","0","0"
"/Game/InfinityBladeEffects/Effects/Masters/M_Trans_Trail_2Sided_Pan_Tile_Master.M_Trans_Trail_2Sided_Pan_Tile_Master","0","20","20","1","32.033222","0","0"
"/Game/InfinityBladeEffects/Effects/Masters/M_Trans_StaticMesh_Lit_Master.M_Trans_StaticMesh_Lit_Master","0","40","40","1","152.997452","0","0"
"/Game/InfinityBladeEffects/Effects/Masters/M_Trans_Sprite_SubUV_Master_Surface.M_Trans_Sprite_SubUV_Master_Surface","0","84","84","1","274.017120","0","0"
"/Game/InfinityBladeEffects/Effects/Masters/M_Trans_Sprite_2Sided_Master.M_Trans_Sprite_2Sided_Master","0","40","40","1","77.822136","0","0"
"/Game/InfinityBladeEffects/Effects/Masters/M_Trans_MeshEmit_Master.M_Trans_MeshEmit_Master","0","32","32","1","58.229633","0","0"
"/Game/InfinityBladeEffects/Effects/Masters/M_Trans_MeshEmit_2Sided_Pan_Mask_Master.M_Trans_MeshEmit_2Sided_Pan_Mask_Master","0","20","20","1","36.611794","0","0"
"/Game/InfinityBladeEffects/Effects/Masters/M_Opaque_Static_Lit_Emis_PanMaster.M_Opaque_Static_Lit_Emis_PanMaster","0","21","21","1","67.529121","0","0"
"/Game/InfinityBladeEffects/Effects/Masters/M_Opaque_MeshEmit_Emis_Master_Surface2.M_Opaque_MeshEmit_Emis_Master_Surface2","0","24","24","1","61.451157","0","0"
"/Game/InfinityBladeEffects/Effects/Masters/M_Add_Sprite_SubUV_Master_DepthFade.M_Add_Sprite_SubUV_Master_DepthFade","0","32","32","1","60.439793","0","0"
"/Game/InfinityBladeEffects/Effects/Masters/M_Add_Mesh_2Sided_Pan_Base_Master.M_Add_Mesh_2Sided_Pan_Base_Master","0","20","20","1","33.806236","0","0"
"/Game/InfinityBladeEffects/Effects/FX_Materials/Env/M_Treasure_Gold_Add_2sided.M_Treasure_Gold_Add_2sided","0","20","20","1","32.604019","0","0"
"/Game/InfinityBladeEffects/Effects/FX_Materials/M_GoldBag.M_GoldBag","0","24","24","1","64.426170","0","0"
"/Game/InfinityBladeEffects/Effects/FX_Materials/Gradient/M_Opaque_Hammer_Spin.M_Opaque_Hammer_Spin","0","8","8","1","13.859802","0","0"
"/Game/InfinityBladeEffects/Effects/FX_Materials/ICE/M_JaggedRockIce_MeshEmit.M_JaggedRockIce_MeshEmit","0","33","33","1","92.282829","0","0"
"/Game/InfinityBladeEffects/Effects/FX_Materials/Misc/M_Telecharge_char_01.M_Telecharge_char_01","0","4","4","1","7.520684","0","0"
"/Engine/EngineMaterials/EmissiveTexturedMaterial.EmissiveTexturedMaterial","0","0","4","1","0.000000","0","0"
"/Game/InfinityBladeEffects/Effects/FX_Materials/Mobile/Beakable_Master_MeshEmit.Beakable_Master_MeshEmit","0","57","57","1","138.839767","0","0"
"/Game/InfinityBladeEffects/Effects/FX_Materials/Mobile/M_Tile_Noise_Tendril_01.M_Tile_Noise_Tendril_01","0","16","16","1","28.580322","0","0"
"/Game/InfinityBladeEffects/Effects/FX_Materials/Trails/M_Trail_Lightning_01.M_Trail_Lightning_01","0","20","20","1","35.353466","0","0"
"/Game/InfinityBladeEffects/Effects/FX_Materials/Mobile/M_ChargeMesh_mobile1.M_ChargeMesh_mobile1","0","40","40","1","65.803299","0","0"
"/Game/InfinityBladeEffects/Effects/FX_Materials/Mobile/M_SparkCore_Add_01_mobile.M_SparkCore_Add_01_mobile","0","24","24","1","46.404335","0","0"
"/Game/InfinityBladeEffects/Effects/FX_Materials/Liquid/M_Liquid_Splat_03_INST.M_Liquid_Splat_03_INST","0","24","24","1","48.204308","0","0"
"/Game/InfinityBladeEffects/Effects/FX_Materials/ICE/M_IceMountain_Boulder_MeshEmit.M_IceMountain_Boulder_MeshEmit","0","8","8","1","11.044043","0","0"
"/Game/InfinityBladeEffects/Effects/FX_Materials/Misc/M_DeathPlane_01.M_DeathPlane_01","0","32","32","1","61.162022","0","0"
"/Game/InfinityBladeEffects/Effects/FX_Materials/Gradient/M_Add_Unlit_TerminGlow.M_Add_Unlit_TerminGlow","0","20","20","1","32.339191","0","0"
"/Game/InfinityBladeEffects/Effects/FX_Materials/Trails/M_IB_SwipeTrail.M_IB_SwipeTrail","0","30","30","1","47.592010","0","0"
"/Game/InfinityBladeEffects/Effects/FX_Materials/Glyph/M_IB_AnimGrid_Trans_MeshEmit.M_IB_AnimGrid_Trans_MeshEmit","0","112","112","1","334.274017","0","0"
"/Game/InfinityBladeEffects/Effects/FX_Materials/Glyph/M_IB_Flares.M_IB_Flares","0","24","24","1","44.483501","0","0"
"/Game/InfinityBladeEffects/Effects/FX_Materials/Glyph/M_IB_AnimGrid_2_Trans.M_IB_AnimGrid_2_Trans","0","84","84","1","257.470093","0","0"
"/Game/InfinityBladeEffects/Effects/FX_Materials/Enemy/M_Ausar_ShieldBlast_01.M_Ausar_ShieldBlast_01","0","40","40","1","69.333412","0","0"
"/Game/InfinityBladeEffects/Effects/FX_Materials/Mobile/M_Tornado.M_Tornado","0","50","50","1","77.516151","0","0"
"/Game/InfinityBladeEffects/Effects/FX_Mobile/ICE/M_Tornado_Ice_Trans.M_Tornado_Ice_Trans","0","50","50","1","80.430275","0","0"
"/Game/InfinityBladeEffects/Effects/FX_Materials/Mobile/M_Ice_Shard_Tiled_D.M_Ice_Shard_Tiled_D","0","24","24","1","57.435867","0","0"
"/Game/InfinityBladeEffects/Effects/FX_Materials/Mobile/M_Ice_Unlit.M_Ice_Unlit","0","8","8","1","12.553234","0","0"
"/Game/InfinityBladeEffects/Effects/FX_Materials/Mobile/M_Ice_Shard_Tiled_Mesh_Unlit_01.M_Ice_Shard_Tiled_Mesh_Unlit_01","0","32","32","1","56.943939","0","0"
"/Game/InfinityBladeEffects/Effects/FX_Materials/Mobile/M_Opaque_Axes_Spin.M_Opaque_Axes_Spin","0","4","4","1","6.501834","0","0"
"/Game/InfinityBladeEffects/Effects/FX_Materials/Mobile/M_JaggedRock_MeshEmit_Lit.M_JaggedRock_MeshEmit_Lit","0","33","33","1","86.445915","0","0"
"/Game/InfinityBladeEffects/Effects/FX_Materials/ICE/M_IceSkills_Base_Lit.M_IceSkills_Base_Lit","0","32","32","1","58.839832","0","0"
"/Game/InfinityBladeEffects/Effects/FX_Materials/Mobile/M_Tornado_Fire_Trans_03.M_Tornado_Fire_Trans_03","0","50","50","1","83.661736","0","0"
"/Game/InfinityBladeEffects/Effects/FX_Materials/Mobile/M_GlowNoise_Radial_01_Trans.M_GlowNoise_Radial_01_Trans","0","24","24","1","42.825989","0","0"
"/Game/InfinityBladeEffects/Effects/FX_Materials/Mobile/M_GlowVert_Add.M_GlowVert_Add","0","24","24","1","42.593502","0","0"
"/Game/InfinityBladeEffects/Effects/FX_Materials/Mobile/M_GlowVert_Trans.M_GlowVert_Trans","0","24","24","1","49.596504","0","0"
"/Game/InfinityBladeEffects/Effects/FX_Materials/Mobile/M_Glyph_Add_Inner_mobile.M_Glyph_Add_Inner_mobile","0","24","24","1","51.189152","0","0"
"/Game/InfinityBladeEffects/Effects/FX_Materials/Mobile/M_Bats_Trans_mobile.M_Bats_Trans_mobile","0","24","24","1","41.001259","0","0"
"/Game/InfinityBladeEffects/Effects/FX_Materials/Mobile/M_BlastWave_2sided.M_BlastWave_2sided","0","40","40","1","67.869942","0","0"
"/Game/InfinityBladeEffects/Effects/FX_Materials/Mobile/M_FlashHalf_Add_mobile.M_FlashHalf_Add_mobile","0","24","24","1","45.743603","0","0"
"/Game/InfinityBladeEffects/Effects/FX/M_FogPlane03.M_FogPlane03","0","8","8","1","19.309071","0","0"
"/Game/InfinityBladeEffects/Effects/FX_Materials/Mobile/M_Glyph_Add_Outer_mobile.M_Glyph_Add_Outer_mobile","0","24","24","1","48.470127","0","0"
"/Game/InfinityBladeEffects/Effects/FX_Materials/Mobile/M_GroundCrack_SubUV.M_GroundCrack_SubUV","0","24","24","1","56.604359","0","0"
"/Game/InfinityBladeEffects/Effects/FX_Materials/Mobile/M_BlastWave_MeshEmit_Trans.M_BlastWave_MeshEmit_Trans","0","24","24","1","48.094093","0","0"
"/Game/InfinityBladeEffects/Effects/FX_Materials/Mobile/M_ForgeCoals_Fire.M_ForgeCoals_Fire","0","8","8","1","19.608988","0","0"
"/Game/InfinityBladeEffects/Effects/FX_Materials/Mobile/M_Fog_Green_mobile.M_Fog_Green_mobile","0","24","24","1","48.384640","0","0"
"/Game/InfinityBladeEffects/Effects/FX_Materials/Mobile/M_Lightning_Bolt_01.M_Lightning_Bolt_01","0","24","24","1","43.813488","0","0"
"/Game/InfinityBladeEffects/Effects/FX_Materials/Mobile/M_Flare_Add_02_mobile.M_Flare_Add_02_mobile","0","24","24","1","45.798336","0","0"
"/Game/InfinityBladeEffects/Effects/FX_Materials/Mobile/M_HealSpiral_Add.M_HealSpiral_Add","0","10","10","1","19.907633","0","0"
"/Game/InfinityBladeEffects/Effects/FX_Materials/Mobile/M_Fire_Trans_Tile_2sided_MeshEmit.M_Fire_Trans_Tile_2sided_MeshEmit","0","40","40","1","67.063576","0","0"
"/Game/InfinityBladeEffects/Effects/FX_Materials/Mobile/M_ReflectArrow_Grad.M_ReflectArrow_Grad","0","32","32","1","60.261524","0","0"
"/Game/InfinityBladeEffects/Effects/FX_Materials/Mobile/M_SlashDir_Add_01_mobile.M_SlashDir_Add_01_mobile","0","30","30","1","52.664616","0","0"
"/Game/InfinityBladeEffects/Effects/FX_Materials/Mobile/M_BlastWave_MeshEmit.M_BlastWave_MeshEmit","0","32","32","1","53.772327","0","0"
"/Game/InfinityBladeEffects/Effects/FX_Materials/Mobile/M_Smoke3_Add_subUV_mobile.M_Smoke3_Add_subUV_mobile","0","24","24","1","47.832344","0","0"
"/Game/InfinityBladeEffects/Effects/FX_Materials/Mobile/M_Fire_Add_subUV_2.M_Fire_Add_subUV_2","0","24","24","1","46.144058","0","0"
"/Game/InfinityBladeEffects/Effects/FX_Materials/Mobile/M_JaggedRock_Trans_MeshEmit_Lit.M_JaggedRock_Trans_MeshEmit_Lit","0","24","24","1","45.263050","0","0"
"/Game/InfinityBladeEffects/Effects/FX_Materials/Mobile/M_CrackedGround_Trans.M_CrackedGround_Trans","0","24","24","1","52.711060","0","0"
"/Game/InfinityBladeEffects/Effects/FX_Materials/Mobile/M_Add_Unlit_EndGate.M_Add_Unlit_EndGate","0","24","24","1","45.809341","0","0"
"/Game/InfinityBladeEffects/Effects/FX_Materials/Mobile/M_Fire_Trans_subUV.M_Fire_Trans_subUV","0","24","24","1","53.479252","0","0"
"/Game/InfinityBladeEffects/Effects/FX_Materials/Mobile/M_LightSconces_Glow.M_LightSconces_Glow","0","26","27","1","68.257492","0","0"
"/Game/InfinityBladeEffects/Effects/FX_Materials/Mobile/M_FireSword_Add_mobile.M_FireSword_Add_mobile","0","40","40","1","70.631592","0","0"
"/Game/InfinityBladeEffects/Effects/FX_Materials/Mobile/M_SnowSubUV_2_3_MeshEmit.M_SnowSubUV_2_3_MeshEmit","0","24","24","1","48.382454","0","0"
"/Game/InfinityBladeEffects/Effects/FX_Materials/Mobile/M_Portal_Add.M_Portal_Add","0","24","24","1","48.859360","0","0"
"/Game/InfinityBladeEffects/Effects/FX_Materials/Mobile/M_Plate_Floor_2_Ice.M_Plate_Floor_2_Ice","0","21","21","1","65.433388","0","0"
"/Game/InfinityBladeEffects/Effects/FX_Materials/Mobile/M_Lightning_Radial_add_subuv_4x4.M_Lightning_Radial_add_subuv_4x4","0","24","24","1","40.036709","0","0"
"/Game/InfinityBladeEffects/Effects/FX_Materials/Mobile/M_SpikeTrap_Fire.M_SpikeTrap_Fire","0","14","16","1","19.641331","0","0"
"/Game/InfinityBladeEffects/Effects/FX_Materials/Mobile/M_Flare_Add_RadialRings_03.M_Flare_Add_RadialRings_03","0","24","24","1","50.391312","0","0"
"/Game/InfinityBladeEffects/Effects/FX_Materials/Enemy/M_Enemy_GreaterSpiderBoss_FX_Master.M_Enemy_GreaterSpiderBoss_FX_Master","0","36","36","1","82.752625","0","0"
"/Game/InfinityBladeEffects/Effects/FX_Materials/Mobile/M_Fog_Blue_mobile.M_Fog_Blue_mobile","0","32","32","1","58.646889","0","0"
"/Game/InfinityBladeEffects/Effects/FX_Materials/Mobile/M_FlowingLava_HOT_red_Cool.M_FlowingLava_HOT_red_Cool","0","2","2","1","3.758491","0","0"
"/Game/InfinityBladeEffects/Effects/FX_Materials/Mobile/M_CrackedGround_Fire_Unlit.M_CrackedGround_Fire_Unlit","0","6","6","1","9.620316","0","0"
"/Game/InfinityBladeEffects/Effects/FX_Materials/Mobile/M_LeachBeam_Trans.M_LeachBeam_Trans","0","16","16","1","28.938850","0","0"
"/Game/InfinityBladeEffects/Effects/FX_Materials/Mobile/M_HealBeam_Trans.M_HealBeam_Trans","0","16","16","1","28.725359","0","0"
"/Game/InfinityBladeEffects/Effects/FX_Materials/Liquid/M_Water_fountain_01.M_Water_fountain_01","0","42","42","1","397.985077","0","0"
"/Game/InfinityBladeEffects/Effects/FX_Materials/Mobile/M_Flare_Add_RadialRings_02.M_Flare_Add_RadialRings_02","0","24","24","1","46.994015","0","0"
"/Game/InfinityBladeEffects/Effects/FX_Materials/Smoke/M_FogSheet_Fire_03.M_FogSheet_Fire_03","0","8","8","1","14.242392","0","0"
"/Game/InfinityBladeEffects/Effects/FX_Materials/Mobile/M_JaggedRockFire_MeshEmit_Master.M_JaggedRockFire_MeshEmit_Master","0","33","33","1","83.286896","0","0"
"/Game/InfinityBladeEffects/Effects/FX_Materials/Mobile/M_FireSky_moving.M_FireSky_moving","0","2","2","1","4.005862","0","0"
"/Game/InfinityBladeEffects/Effects/FX_Materials/Smoke/M_FogSheet_Add_Ice_T3.M_FogSheet_Add_Ice_T3","0","8","8","1","18.138678","0","0"
"/Game/InfinityBladeEffects/Effects/FX_Materials/Mobile/M_Smoke_Trans_subUV_4_8_mobile.M_Smoke_Trans_subUV_4_8_mobile","0","24","24","1","49.034290","0","0"
"/Game/InfinityBladeEffects/Effects/FX_Materials/Mobile/M_Flare_Add_04_Inst.M_Flare_Add_04_Inst","0","24","24","1","42.706863","0","0"
"/Game/InfinityBladeEffects/Effects/FX_Materials/Mobile/M_Flare_Add_03_2sided.M_Flare_Add_03_2sided","0","30","30","1","52.404270","0","0"
"/Game/InfinityBladeEffects/Effects/FX_Materials/Mobile/M_GlowNoise_Radial_01.M_GlowNoise_Radial_01","0","24","24","1","51.070442","0","0"
"/Game/InfinityBladeEffects/Effects/FX_Materials/Smoke/M_FogSheet_Add.M_FogSheet_Add","0","16","16","1","30.264637","0","0"
"/Game/InfinityBladeEffects/Effects/FX_Materials/Mobile/M_YinYang_Circle.M_YinYang_Circle","0","30","30","1","54.670540","0","0"
"/Game/InfinityBladeEffects/Effects/FX_Materials/Mobile/M_Fire_Trans_Tile_2sided.M_Fire_Trans_Tile_2sided","0","40","40","1","64.896530","0","0"
"/Game/InfinityBladeEffects/Effects/FX_Materials/Mobile/M_Blood_Mod_01_mobile.M_Blood_Mod_01_mobile","0","24","24","1","47.383797","0","0"
"/Game/InfinityBladeEffects/Effects/FX_Materials/Mobile/M_AuraCircle_add.M_AuraCircle_add","0","10","10","1","18.374668","0","0"
"/Game/InfinityBladeEffects/Effects/FX_Materials/Mobile/M_CrackedGroundPoison_Trans.M_CrackedGroundPoison_Trans","0","24","24","1","44.915691","0","0"
"/Game/InfinityBladeEffects/Effects/FX_Materials/Mobile/M_TraceTrail_Fire.M_TraceTrail_Fire","0","20","20","1","31.026810","0","0"
"/Game/InfinityBladeEffects/Effects/FX_Materials/Mobile/M_Tornado_Ice_Trans_UT.M_Tornado_Ice_Trans_UT","0","30","30","1","49.709080","0","0"
"/Game/InfinityBladeEffects/Effects/FX_Materials/Mobile/M_CandleGlow_2sided.M_CandleGlow_2sided","0","60","63","1","137.726822","0","0"
"/Game/InfinityBladeEffects/Effects/FX_Materials/Mobile/M_BlueSky_Moving.M_BlueSky_Moving","0","2","2","1","3.499704","0","0"
"/Game/InfinityBladeEffects/Effects/FX/M_FogPlane02.M_FogPlane02","0","16","16","1","29.737852","0","0"
"/Game/InfinityBladeEffects/Effects/FX_Materials/Mobile/M_Lightning_Arc_Add_subUV.M_Lightning_Arc_Add_subUV","0","24","24","1","51.986748","0","0"
"/Game/InfinityBladeEffects/Effects/FX_Materials/Mobile/M_CrackedGroundIce_Trans.M_CrackedGroundIce_Trans","0","24","24","1","47.252769","0","0"
"/Game/InfinityBladeEffects/Effects/FX_Materials/Mobile/M_BladeSwipe04.M_BladeSwipe04","0","30","30","1","46.752754","0","0"
"/Game/InfinityBladeEffects/Effects/FX_Materials/Mobile/M_Tornado_Fire_Trans_Master.M_Tornado_Fire_Trans_Master","0","40","40","1","69.259048","0","0"
"/Game/InfinityBladeEffects/Effects/FX_Materials/Mobile/M_Tornado_Fire_Trans_02.M_Tornado_Fire_Trans_02","0","30","30","1","44.644253","0","0"
"/Game/InfinityBladeEffects/Effects/FX_Materials/Mobile/M_FireBlast_Add.M_FireBlast_Add","0","24","24","1","47.545788","0","0"
"/Game/InfinityBladeEffects/Effects/FX_Materials/Mobile/M_Fire_Add_Tile_2Sided.M_Fire_Add_Tile_2Sided","0","40","40","1","64.235435","0","0"
"/Game/InfinityBladeEffects/Effects/FX_Materials/Mobile/M_Fire_Add_subUV.M_Fire_Add_subUV","0","24","24","1","47.530682","0","0"
"/Game/InfinityBladeEffects/Effects/FX_Materials/Mobile/M_Ice_Mesh03.M_Ice_Mesh03","0","12","12","1","29.578077","0","0"
"/Game/InfinityBladeEffects/Effects/FX_Materials/Fire/M_FlickerGlow_Forge.M_FlickerGlow_Forge","0","16","16","1","31.841148","0","0"
"/Game/InfinityBladeEffects/Effects/FX_Materials/Mobile/M_Tornado_Fire_Trans.M_Tornado_Fire_Trans","0","40","40","1","66.503159","0","0"
"/Game/InfinityBladeEffects/Effects/FX_Materials/Mobile/M_CandleGlow.M_CandleGlow","0","45","45","1","117.224403","0","0"
"/Game/InfinityBladeEffects/Effects/FX_Materials/Mobile/M_Flare_Add_03_mobile.M_Flare_Add_03_mobile","0","24","24","1","44.451771","0","0"
"/Game/InfinityBladeEffects/Effects/FX_Materials/Mobile/M_Sword_Opaque_Master.M_Sword_Opaque_Master","0","8","8","1","9.374732","0","0"
"/Game/InfinityBladeEffects/Effects/FX_Materials/Mobile/M_Projectile_2Side_01.M_Projectile_2Side_01","0","30","30","1","54.810688","0","0"
"/Game/InfinityBladeEffects/Effects/FX_Materials/Mobile/M_Portal_Trans.M_Portal_Trans","0","24","24","1","49.560017","0","0"
"/Game/InfinityBladeEffects/Effects/FX_Materials/Mobile/M_Tornado_Fire_Add.M_Tornado_Fire_Add","0","40","40","1","67.453926","0","0"
"/Game/InfinityBladeEffects/Effects/FX_Materials/Mobile/M_SwipeTrail_EdgeFade.M_SwipeTrail_EdgeFade","0","28","28","1","93.052826","0","0"
"/Game/InfinityBladeEffects/Effects/FX_Materials/Mobile/M_Fire_Add_2side_subUV.M_Fire_Add_2side_subUV","0","30","30","1","51.671112","0","0"
"/Game/InfinityBladeEffects/Effects/FX_Materials/Mobile/M_FireBlast_Add_FireBall_MeshEmit.M_FireBlast_Add_FireBall_MeshEmit","0","32","32","1","63.086460","0","0"
"/Game/InfinityBladeEffects/Effects/FX_Materials/Mobile/M_Add_Trail_MeshEmit_2Sided_Master.M_Add_Trail_MeshEmit_2Sided_Master","0","40","40","1","72.900818","0","0"
"/Game/InfinityBladeEffects/Effects/FX_Materials/Mobile/M_Smoke_Trans_mobile.M_Smoke_Trans_mobile","0","24","24","1","47.469620","0","0"
"/Game/InfinityBladeEffects/Effects/FX_Materials/Mobile/M_SwipeTrail_Add_2Sided_Emissive_MESH.M_SwipeTrail_Add_2Sided_Emissive_MESH","0","10","10","1","24.355719","0","0"
"/Game/InfinityBladeEffects/Effects/FX_Materials/Mobile/M_Spider_Anim.M_Spider_Anim","0","28","28","1","92.035294","0","0"
"/Game/InfinityBladeEffects/Effects/FX_Materials/Mobile/M_Spark_Add_01_mobile.M_Spark_Add_01_mobile","0","24","24","1","43.250923","0","0"
"/Game/InfinityBladeEffects/Effects/FX_Materials/Mobile/M_Spark_2_2_01.M_Spark_2_2_01","0","24","24","1","46.640442","0","0"
"/Game/InfinityBladeEffects/Effects/FX_Materials/Mobile/M_SnowSubUV_2_3.M_SnowSubUV_2_3","0","24","24","1","48.274975","0","0"
"/Game/InfinityBladeEffects/Effects/FX_Materials/Mobile/M_Snow.M_Snow","0","10","10","1","20.701555","0","0"
"/Game/InfinityBladeEffects/Effects/FX_Materials/Mobile/M_LightCone.M_LightCone","0","24","24","1","46.805515","0","0"
"/Game/InfinityBladeEffects/Effects/FX_Materials/Mobile/M_Smoke_Trans_subUV_mobile.M_Smoke_Trans_subUV_mobile","0","24","24","1","52.112679","0","0"
"/Game/InfinityBladeEffects/Effects/FX_Materials/Mobile/M_GlowNoise_01.M_GlowNoise_01","0","24","24","1","48.798920","0","0"
"/Game/InfinityBladeEffects/Effects/FX_Materials/Mobile/M_BlobShadow_01.M_BlobShadow_01","0","8","8","1","14.193539","0","0"
"/Game/InfinityBladeEffects/Effects/FX_Materials/Mobile/M_Smoke_Trans_subUV_3_4_mobile.M_Smoke_Trans_subUV_3_4_mobile","0","24","24","1","42.814850","0","0"
"/Game/InfinityBladeEffects/Effects/FX_Materials/Mobile/M_Smoke_Add_subUV_mult.M_Smoke_Add_subUV_mult","0","24","24","1","43.696243","0","0"
"/Game/InfinityBladeEffects/Effects/FX_Materials/Mobile/M_Projectile_01.M_Projectile_01","0","24","24","1","48.019608","0","0"
"/Game/InfinityBladeEffects/Effects/FX_Materials/Mobile/M_Blood_Trans_Emissive_02.M_Blood_Trans_Emissive_02","0","24","24","1","47.445808","0","0"
"/Game/InfinityBladeEffects/Effects/FX_Materials/Mobile/M_Smoke_Add_2_mobile.M_Smoke_Add_2_mobile","0","24","24","1","51.298149","0","0"
"/Game/InfinityBladeEffects/Effects/FX_Materials/Mobile/M_CandleFlame.M_CandleFlame","0","24","24","1","46.662518","0","0"
"/Game/InfinityBladeEffects/Effects/FX_Materials/Mobile/M_Fire_Ribbon_Pan_Add.M_Fire_Ribbon_Pan_Add","0","32","32","1","56.318737","0","0"
"/Game/InfinityBladeEffects/Effects/FX_Materials/Mobile/M_IB_Blood_Trans_subUV_mobile.M_IB_Blood_Trans_subUV_mobile","0","24","24","1","48.679192","0","0"
"/Game/InfinityBladeEffects/Effects/FX_Materials/Mobile/M_Smoke_Addit_subUV_mobile.M_Smoke_Addit_subUV_mobile","0","24","24","1","50.729671","0","0"
"/Game/InfinityBladeEffects/Effects/FX_Materials/Mobile/M_Fog_Orng_mobile.M_Fog_Orng_mobile","0","24","24","1","40.335793","0","0"
"/Game/InfinityBladeEffects/Effects/FX_Materials/Mobile/M_FogSheet_Trans.M_FogSheet_Trans","0","8","8","1","14.458665","0","0"
"/Game/InfinityBladeEffects/Effects/FX_Materials/Mobile/M_Smoke2_Trans_subUV_mobile.M_Smoke2_Trans_subUV_mobile","0","24","24","1","48.277721","0","0"
"/Game/InfinityBladeEffects/Effects/FX_Materials/Mobile/M_Fire_Trans_TilePan_2sided.M_Fire_Trans_TilePan_2sided","0","40","40","1","66.615761","0","0"
"/Game/InfinityBladeEffects/Effects/FX_Materials/Mobile/M_SmokeWispy_Pan.M_SmokeWispy_Pan","0","24","24","1","45.281883","0","0"
"/Game/InfinityBladeEffects/Effects/FX_Materials/Mobile/M_FireBlast_Add_FireBall.M_FireBlast_Add_FireBall","0","32","32","1","65.972794","0","0"
"/Game/InfinityBladeEffects/Effects/FX_Materials/Mobile/M_FireBlast_Add_2sided_meshEmit.M_FireBlast_Add_2sided_meshEmit","0","50","50","1","81.714561","0","0"
"/Game/InfinityBladeEffects/Effects/FX_Materials/Mobile/M_LavaFlows_Trans.M_LavaFlows_Trans","0","8","8","1","17.144722","0","0"
"/Game/InfinityBladeEffects/Effects/FX_Materials/Mobile/M_CrackedGroundFire_Trans.M_CrackedGroundFire_Trans","0","24","24","1","46.079079","0","0"
"/Game/InfinityBladeEffects/Effects/FX_Materials/Mobile/M_CrackedGroundFire.M_CrackedGroundFire","0","16","16","1","26.748688","0","0"
"/Game/InfinityBladeEffects/Effects/FX_Materials/Mobile/M_GlowNoise_01_2sided_MeshEmit.M_GlowNoise_01_2sided_MeshEmit","0","20","20","1","33.516132","0","0"
"/Game/InfinityBladeEffects/Effects/FX_Materials/Mobile/M_GlowNoise_01_2sided.M_GlowNoise_01_2sided","0","30","30","1","54.267159","0","0"
"/Game/InfinityBladeEffects/Effects/FX_Materials/Mobile/M_JaggedRockFireBase_MeshEmit.M_JaggedRockFireBase_MeshEmit","0","8","8","1","19.221607","0","0"
"/Game/InfinityBladeEffects/Effects/FX_Materials/Glyph/M_IB_AnimGrid_Trans_MeshMat.M_IB_AnimGrid_Trans_MeshMat","0","84","84","1","253.580261","0","0"
"/Game/InfinityBladeEffects/Effects/FX_Materials/Mobile/M_Heal_Add_2Sided.M_Heal_Add_2Sided","0","10","10","1","17.849569","0","0"
"/Game/InfinityBladeEffects/Effects/FX_Materials/Mobile/M_FireBeam_Trans.M_FireBeam_Trans","0","16","16","1","32.661098","0","0"
"/Game/InfinityBladeEffects/Effects/FX_Materials/Mobile/M_ForgeLogo.M_ForgeLogo","0","30","30","1","53.584431","0","0"
"/Game/InfinityBladeEffects/Effects/FX_Materials/Mobile/M_SmokeWispy_Gradient_Pan.M_SmokeWispy_Gradient_Pan","0","24","24","1","45.611824","0","0"
"/Game/InfinityBladeEffects/Effects/FX_Materials/Mobile/M_Flare_Add_RadialRings_01.M_Flare_Add_RadialRings_01","0","24","24","1","44.497234","0","0"
"/Game/InfinityBladeEffects/Effects/FX_Materials/Mobile/M_ShieldMesh_mobile.M_ShieldMesh_mobile","0","32","32","1","56.334717","0","0"
"/Game/InfinityBladeEffects/Effects/FX_Materials/Mobile/M_LeafFlip_Masked.M_LeafFlip_Masked","0","21","23","1","33.740627","0","0"
"/Game/InfinityBladeEffects/Effects/FX_Materials/Mobile/M_Blood_Trans_02.M_Blood_Trans_02","0","24","24","1","49.164303","0","0"
"/Game/InfinityBladeEffects/Effects/FX_Materials/Mobile/M_Lava_Flowing.M_Lava_Flowing","0","21","21","1","57.110920","0","0"
"/Game/InfinityBladeEffects/Effects/FX_Materials/Mobile/M_Fire_Add_Tile_Grey_2Sided_meshEmit.M_Fire_Add_Tile_Grey_2Sided_meshEmit","0","40","40","1","65.354355","0","0"
"/Game/InfinityBladeEffects/Effects/FX_Materials/Mobile/M_Ice_Attack_Side_Add.M_Ice_Attack_Side_Add","0","30","30","1","59.314938","0","0"
"/Game/InfinityBladeEffects/Effects/FX_Materials/Mobile/M_Blood_Trans_03.M_Blood_Trans_03","0","24","24","1","50.853909","0","0"
"/Game/InfinityBladeEffects/Effects/FX_Materials/Mobile/M_Flare_Add_01_mobile.M_Flare_Add_01_mobile","0","24","24","1","43.891232","0","0"
"/Game/InfinityBladeEffects/Effects/FX_Materials/Mobile/M_SmokeSingle_Trans_mobile.M_SmokeSingle_Trans_mobile","0","24","24","1","46.836658","0","0"
"/Game/InfinityBladeEffects/Effects/FX_Materials/Mobile/M_LavaFlows_Trans_2sided.M_LavaFlows_Trans_2sided","0","20","20","1","33.058502","0","0"
"/Game/InfinityBladeEffects/Effects/FX_Materials/Mobile/M_ExploD_Trans_subUV_mobile.M_ExploD_Trans_subUV_mobile","0","24","24","1","45.122681","0","0"
"/Game/InfinityBladeEffects/Effects/FX_Materials/Mobile/M_cracks_01_mobile.M_cracks_01_mobile","0","24","24","1","51.643692","0","0"
"/Game/InfinityBladeEffects/Effects/FX_Materials/Mobile/M_Fire_Add_RingsubUV.M_Fire_Add_RingsubUV","0","24","24","1","51.523701","0","0"
"/Game/InfinityBladeEffects/Effects/FX_Materials/Mobile/M_Sky_Flashing_Panning.M_Sky_Flashing_Panning","0","2","2","1","3.058398","0","0"
"/Game/InfinityBladeEffects/Effects/FX_Materials/Mobile/M_Shield_Rim_Add.M_Shield_Rim_Add","0","24","24","1","44.264824","0","0"
"/Game/InfinityBladeEffects/Effects/FX_Materials/Glyph/M_IB_Flash_Add.M_IB_Flash_Add","0","24","24","1","45.202572","0","0"
"/Game/InfinityBladeEffects/Effects/FX_Materials/Mobile/M_BlueSky.M_BlueSky","0","2","2","1","4.071449","0","0"
"/Game/InfinityBladeEffects/Effects/FX_Materials/Mobile/M_Blood_Mod_02_mobile.M_Blood_Mod_02_mobile","0","24","24","1","46.202179","0","0"
"/Game/InfinityBladeEffects/Effects/FX_Materials/Mobile/M_SmokeTile_Trail_01.M_SmokeTile_Trail_01","0","16","16","1","31.283709","0","0"
"/Game/InfinityBladeEffects/Effects/FX_Materials/Mobile/M_IceSkills_Base.M_IceSkills_Base","0","24","24","1","45.420166","0","0"
"/Game/InfinityBladeEffects/Effects/FX_Materials/Mobile/M_IceHammerGlow.M_IceHammerGlow","0","24","24","1","50.063190","0","0"
"/Game/InfinityBladeEffects/Effects/FX_Materials/Mobile/M_Blood_Trans_01.M_Blood_Trans_01","0","24","24","1","50.843414","0","0"
"/Game/InfinityBladeEffects/Effects/FX_Materials/Mobile/M_CrackedGround_Fire_Lit.M_CrackedGround_Fire_Lit","0","57","57","1","127.034554","0","0"
"/Game/InfinityBladeEffects/Effects/FX_Materials/Mobile/M_Fire_Add_DetailMask_meshEmit.M_Fire_Add_DetailMask_meshEmit","0","40","40","1","63.554653","0","0"
"/Game/InfinityBladeEffects/Effects/FX_Materials/Mobile/M_Fire_Add_Tile_Grey_2sided.M_Fire_Add_Tile_Grey_2sided","0","40","40","1","68.382133","0","0"
"/Game/InfinityBladeEffects/Effects/FX_Materials/Mobile/M_CombatArea_Solid.M_CombatArea_Solid","0","24","24","1","47.812187","0","0"
"/Game/InfinityBladeEffects/Effects/FX_Materials/Mobile/M_Skill_Vortex_Fire_01.M_Skill_Vortex_Fire_01","0","8","8","1","14.406409","0","0"
"/Game/InfinityBladeEffects/Effects/FX_Materials/Mobile/M_RoboChains_MeshEmit.M_RoboChains_MeshEmit","0","30","30","1","57.411160","0","0"
"/Game/InfinityBladeEffects/Effects/FX_Materials/Mobile/M_SmokeSingle_Add.M_SmokeSingle_Add","0","24","24","1","46.397320","0","0"
"/Game/InfinityBladeEffects/Effects/FX_Materials/Mobile/M_Smoke3_Trans_subUV_mobile.M_Smoke3_Trans_subUV_mobile","0","24","24","1","54.468567","0","0"
"/Game/InfinityBladeEffects/Effects/FX_Materials/Mobile/M_Glowing_Eyes.M_Glowing_Eyes","0","10","10","1","19.466129","0","0"
"/Game/InfinityBladeEffects/Effects/FX_Materials/Mobile/M_LavaFlows_Fast_Trans.M_LavaFlows_Fast_Trans","0","8","8","1","14.727591","0","0"
"/Game/InfinityBladeEffects/Effects/FX_Materials/Mobile/M_Impact_SubUV.M_Impact_SubUV","0","24","24","1","40.082104","0","0"
"/Game/InfinityBladeEffects/Effects/FX_Materials/Mobile/M_Sky_Flashing_Panning_Master.M_Sky_Flashing_Panning_Master","0","2","2","1","4.294136","0","0"
"/Game/InfinityBladeEffects/Effects/FX_Materials/Mobile/M_CombatArea_Edge.M_CombatArea_Edge","0","24","24","1","48.901535","0","0"
"/Game/InfinityBladeEffects/Effects/FX_Materials/Mobile/M_Ice_Attack_Top.M_Ice_Attack_Top","0","30","30","1","49.874187","0","0"
"/Game/InfinityBladeEffects/Effects/FX_Materials/Gradient/M_Impact_IB_SubUV.M_Impact_IB_SubUV","0","24","24","1","50.815708","0","0"
"/Game/InfinityBladeEffects/Effects/FX_Materials/Mobile/M_FireSky.M_FireSky","0","2","2","1","4.675075","0","0"
"/Game/InfinityBladeEffects/Effects/FX_Materials/Mobile/M_Blood_Mod_03_mobile.M_Blood_Mod_03_mobile","0","24","24","1","52.163639","0","0"
"/Game/InfinityBladeEffects/Effects/FX/M_BloomPlane.M_BloomPlane","0","8","8","1","16.506111","0","0"
"/Game/InfinityBladeEffects/Effects/FX_Materials/Mobile/M_Ice_Attack_Side.M_Ice_Attack_Side","0","30","30","1","52.989269","0","0"
"/Game/InfinityBladeEffects/Effects/FX_Materials/Mobile/M_IceTrap_Shard.M_IceTrap_Shard","0","36","36","1","84.263000","0","0"
"/Game/InfinityBladeEffects/Effects/FX_Materials/Mobile/M_CombatArea_Base.M_CombatArea_Base","0","24","24","1","43.525410","0","0"
"/Game/InfinityBladeEffects/Effects/FX_Materials/Mobile/M_HeartHeal_Trans.M_HeartHeal_Trans","0","24","24","1","48.140297","0","0"
"/Game/InfinityBladeEffects/Effects/FX_Materials/Mobile/M_ForgeFail_X.M_ForgeFail_X","0","24","24","1","53.169189","0","0"
"/Game/InfinityBladeEffects/Effects/FX_Materials/Mobile/M_HeartHeal_02_Trans.M_HeartHeal_02_Trans","0","24","24","1","47.084152","0","0"
"/Game/InfinityBladeEffects/Effects/FX_Materials/Glyph/M_IB_Flares_Grid.M_IB_Flares_Grid","0","24","24","1","43.556477","0","0"
"/Game/InfinityBladeEffects/Effects/FX_Materials/Mobile/M_Fire_Trans_TilePan_2sided_Blue.M_Fire_Trans_TilePan_2sided_Blue","0","30","30","1","54.967785","0","0"
"/Game/InfinityBladeEffects/Effects/FX_Materials/Mobile/M_Flare_Add_04_mobile.M_Flare_Add_04_mobile","0","24","24","1","52.869591","0","0"
"/Game/InfinityBladeEffects/Effects/FX_Materials/Mobile/M_FireWall_Add.M_FireWall_Add","0","40","40","1","67.963188","0","0"
"/Game/InfinityBladeEffects/Effects/FX_Materials/Mobile/M_BlastWave_mobile.M_BlastWave_mobile","0","24","24","1","43.763695","0","0"
"/Game/InfinityBladeEffects/Effects/FX_Materials/Mobile/M_FireBlast_Add_VertexAnim_2sided.M_FireBlast_Add_VertexAnim_2sided","0","30","30","1","50.367393","0","0"
"/Game/InfinityBladeEffects/Effects/FX_Materials/Mobile/M_Flare_Add_01_2sided.M_Flare_Add_01_2sided","0","30","30","1","57.881760","0","0"
"/Game/InfinityBladeEffects/Effects/FX_Materials/Mobile/M_Fire_Trans_Tile_Pan_mobile.M_Fire_Trans_Tile_Pan_mobile","0","40","40","1","71.043686","0","0"
"/Game/InfinityBladeEffects/Effects/FX_Materials/Mobile/M_Fire_Trans_Tile_2sided_Master.M_Fire_Trans_Tile_2sided_Master","0","40","40","1","65.955818","0","0"
"/Game/InfinityBladeEffects/Effects/FX_Materials/Mobile/M_Fire_Trans_TilePan_2sided_meshEmit_01.M_Fire_Trans_TilePan_2sided_meshEmit_01","0","40","40","1","71.782280","0","0"
"/Game/InfinityBladeEffects/Effects/FX_Materials/Mobile/M_Fire_Trans_TilePan_2sided_meshEmit.M_Fire_Trans_TilePan_2sided_meshEmit","0","30","30","1","59.754009","0","0"
"/Game/InfinityBladeEffects/Effects/FX_Materials/Mobile/M_Fire_Trans_DetailMask_2sided.M_Fire_Trans_DetailMask_2sided","0","40","40","1","64.829407","0","0"
"/Game/InfinityBladeEffects/Effects/FX/M_Embers.M_Embers","0","10","10","1","21.695534","0","0"
"/Game/InfinityBladeEffects/Effects/FX_Materials/Liquid/M_Water_Bucket_Cin04.M_Water_Bucket_Cin04","0","8","8","1","17.404013","0","0"
"/Game/InfinityBladeEffects/Effects/FX/M_FogPlane01.M_FogPlane01","0","8","8","1","16.589849","0","0"
"/Game/InfinityBladeEffects/Effects/FX_Materials/Mobile/M_BlastDir_Add_01_mobile.M_BlastDir_Add_01_mobile","0","24","24","1","46.259178","0","0"
"/Game/InfinityBladeEffects/Effects/FX/M_FogPlane03_add.M_FogPlane03_add","0","8","8","1","13.278293","0","0"
"/Game/InfinityBladeEffects/Effects/FX_Materials/Glyph/M_IB_AnimGrid_Masked_Trans.M_IB_AnimGrid_Masked_Trans","0","84","84","1","266.619232","0","0"
"/Game/InfinityBladeEffects/Effects/FX_Materials/Glyph/M_IB_AnimGrid_Trans.M_IB_AnimGrid_Trans","0","84","84","1","263.567352","0","0"
"/Game/InfinityBladeEffects/Effects/FX_Materials/Mobile/M_BlastWave_MeshEmit_2Sided.M_BlastWave_MeshEmit_2Sided","0","30","30","1","49.179890","0","0"
